dog_name,owner_name,rating,comment,date
Max,Sarah M.,5,"Best dog sitter in Omaha! My golden retriever Max was so happy and well-cared for. The daily photo updates were amazing while I was on vacation.",2024-11-15
Luna,Mike T.,5,"Reliable and professional pet sitting service! Our rescue dog has anxiety, but she was so comfortable with the overnight care. Highly recommend!",2024-10-22
Bailey,Robert K.,5,"We've tried several dog walkers and pet sitters in West Omaha, and this is by far the best. Our lab mix gets so excited when she arrives!",2024-12-01
Charlie,Jennifer L.,5,"Amazing experience! Our beagle stayed happy and healthy. The communication was excellent with photos every day.",2024-09-18
Scout,David P.,5,"Our border collie needs a lot of exercise and attention. She handled it perfectly! Very impressed with the professional service.",2024-11-28
Buddy,Amanda W.,5,"Trustworthy and caring! Our senior dog has special needs and she took excellent care of him. Will definitely book again.",2024-08-14
Bella,Sarah M.,5,"Second time booking and just as great! Bella loves her visits.",2024-12-10
Rocky,Mike T.,5,,2024-11-05
Daisy,Robert K.,5,,2024-12-08
Cooper,Lisa H.,5,,2024-12-15
Milo,Tom S.,4,,2024-11-20